<assembly>
    <formats>
        <format>tar.gz</format>
    </formats>
    <fileSets>
        <fileSet>
            <directory>src/main/resources/conf</directory>
            <outputDirectory>conf</outputDirectory>
            <directoryMode>0755</directoryMode>
            <fileMode>0644</fileMode>
        </fileSet>
        <fileSet>
            <directory>src/main/resources/bin</directory>
            <outputDirectory>bin</outputDirectory>
            <directoryMode>0755</directoryMode>
            <fileMode>0755</fileMode>
        </fileSet>
    </fileSets>
    
    <dependencySets>
        <dependencySet>
            <outputDirectory>lib</outputDirectory>
            <directoryMode>0755</directoryMode>
        </dependencySet>
    </dependencySets>
</assembly>
